{
  "model": {
    "weights": [
      -202233.37264343663,
      -882.5947135776355,
      2.1150108976252544e+80,
      -7.265250257617648e+68,
      2.1150108976252158e+75
    ],
    "bias": -9751.734965927193
  },
  "stats": {
    "trainingRecords": 35095,
    "trainingSamples": 9762,
    "minRank": 5,
    "maxRank": 5.597461018693075e+125,
    "years": [
      2022,
      2023,
      2024,
      2025
    ]
  },
  "categoryMap": {
    "1G": 0,
    "1K": 1,
    "1R": 2,
    "2AG": 3,
    "2AK": 4,
    "2AR": 5,
    "2BG": 6,
    "2BK": 7,
    "2BR": 8,
    "3AG": 9,
    "3AK": 10,
    "3AR": 11,
    "3BG": 12,
    "3BK": 13,
    "3BR": 14,
    "GM": 15,
    "GMK": 16,
    "GMR": 17,
    "SCG": 18,
    "SCK": 19,
    "SCR": 20,
    "STG": 21,
    "STK": 22,
    "STR": 23
  },
  "timestamp": "2025-12-18T17:23:59.562Z"
}